Date,Campaign Key,Campaign Name,Campaign Type,Activity Name,Region,Country,Customer_No,Buyer,Buyer_No,Marketing Spend,Status,Budget,Total Spend,Offline Spend,Content & Media Cost,Program Operation Cost,Inventory Production Cost,Campaign Production Cost,Promotional Material Support Cost,Customer Marketing Support Cost,Incentive & Reward Cost,Digital Spend,Number of Offline Leads,Target Order Performance,Actual Order Performance,% of Target Order,Target Sales Performance,Actual Sales Performance,% of Target Sales,Number of Online Leads,Number of Contents,Impression,Reach,View,Engagement,Click,CPM,CPV,CTR,CPC,CPE,CPL
2021-04-12,PROMAT-2021,Promotional Materials,Material Support,Promotional Materials,LATAM,Colombia,200317,BOLIVARIANA,130-003,고객인증패 제작 건 (LA),Complete,,128800,"128,800 ",,,,,"128,800 ",,,,,,,,,,,,,,,,,,,,,,,
2021-09-08,PROMAT-2021,Promotional Materials,Material Support,Promotional Materials,LATAM,Colombia,200316,F.E.IMP,130-170,(LA100) 중남미 고객 인증패 제작 건,Complete,,128800,"128,800 ",,,,,"257,600 ",,,,,,,,,,,,,,,,,,,,,,,
2021-09-08,PROMAT-2021,Promotional Materials,Material Support,Promotional Materials,LATAM,Colombia,200503,AUTOFRENOS,130-150,(LA100) 중남미 고객 인증패 제작 건,Complete,,128800,"128,800 ",,,,,"257,600 ",,,,,,,,,,,,,,,,,,,,,,,
2023-07-27,PROMAT-2023,Promotional Materials,Material Support,Promotional Materials,CIS,Kazakhstan,200323,PHAETON KZ LLP,280-006,CIS 프로모션을 위한 판촉물 제작 (CIS 100),Complete,,5750000,"5,750,000 ",,,,"5,750,000 ",,,,,,,,,,,,,,,,,,,,,,,,
2023-08-17,TECHSM-2023,Tech Seminar,Local Marketing,Operations,CIS,Kazakhstan,200323,PHAETON KZ LLP,280-006,cis techseminar xbanner 구매,Complete,,29000,"29,000 ",,,,"29,000 ",,,,,,,,,,,,,,,,,,,,,,,,
2023-08-17,TECHSM-2023,Tech Seminar,Local Marketing,Operations,CIS,Kazakhstan,200323,PHAETON KZ LLP,280-006,CIS 현장이벤트 선물 지급용 포장박스 구매 건 (CIS 100),Complete,,143600,"143,600 ",,,,"143,600 ",,,,,,,,,,,,,,,,,,,,,,,,
2023-08-21,TECHSM-2023,Tech Seminar,Local Marketing,Operations,CIS,Kazakhstan,200323,PHAETON KZ LLP,280-006,cis techseminar 현수막 구매,Complete,,17000,"17,000 ",,,,"17,000 ",,,,,,,,,,,,,,,,,,,,,,,,
2023-09-02,TECHSM-2023,Tech Seminar,Local Marketing,Operations,CIS,Kazakhstan,200323,PHAETON KZ LLP,280-006,CIS Tech seminar 이벤트 배너 제작,Complete,,5273,"5,273 ",,,,"5,273 ",,,,,,,,,,,,,,,,,,,,,,,,
2023-09-04,TECHSM-2023,Tech Seminar,Local Marketing,Promotional Materials,CIS,Kazakhstan,200323,PHAETON KZ LLP,280-006,KZ 브랜드 프로모션 이벤트 경품 구입 비용,Complete,,663508,"663,508 ",,,,"663,508 ",,,,,,,,,,,,,,,,,,,,,,,,
2023-09-07,TECHSM-2023,Tech Seminar,Local Marketing,Promotional Materials,CIS,Kazakhstan,200323,PHAETON KZ LLP,280-006,알마티 세미나 이벤트 경품 기프트카드 구입비,Complete,,76597,"76,597 ",,,,"76,597 ",,,,,,,,,,,,,,,,,,,,,,,,
2023-09-07,TECHSM-2023,Tech Seminar,Local Marketing,Operations,CIS,Kazakhstan,200323,PHAETON KZ LLP,280-006,현장 이벤트 진행 물품 구입비,Complete,,35272,"35,272 ",,,,"35,272 ",,,,,,,,,,,,,,,,,,,,,,,,
2023-09-08,TECHSM-2023,Tech Seminar,Local Marketing,Promotional Materials,CIS,Kazakhstan,200323,PHAETON KZ LLP,280-006,현장 이벤트 홍보물 포장백 구입,Complete,,19425,"19,425 ",,"19,425 ",,,,,,,,,,,,,,,,,,,,,,,,,,
2023-09-08,TECHSM-2023,Tech Seminar,Local Marketing,Operations,CIS,Kazakhstan,200323,PHAETON KZ LLP,280-006,브랜드 프로모션 애프터파티 행사 대관료 결제,Complete,,2324498,"2,324,498 ",,"2,324,498 ",,,,,,,,,,,,,,,,,,,,,,,,,,
2023-09-08,TECHSM-2023,Tech Seminar,Local Marketing,Operations,CIS,Kazakhstan,200323,PHAETON KZ LLP,280-006,테크세미나 현장 다과비 결제,Complete,,123353,"123,353 ",,"123,353 ",,,,,,,,,,,,,,,,,,,,,,,,,,
2023-09-19,TECHSM-2023,Tech Seminar,Local Marketing,Logistics,CIS,Kazakhstan,200323,PHAETON KZ LLP,280-006,[브랜드 프로모션] CIS 마케팅 프로모션 홍보물 지원물품 운임 현지 통관 핸들링 실비(C,Complete,,3992211,"3,992,211 ",,"3,992,211 ",,,,,,,,,,,,,,,,,,,,,,,,,,
2023-09-19,TECHSM-2023,Tech Seminar,Local Marketing,Logistics,CIS,Kazakhstan,200323,PHAETON KZ LLP,280-006,[브랜드 프로모션] CIS 마케팅 프로모션 홍보물 배송 에이전시 실비(CIS100),Complete,,200000,"200,000 ",,"200,000 ",,,,,,,,,,,,,,,,,,,,,,,,,,
2023-09-19,TECHSM-2023,Tech Seminar,Local Marketing,Logistics,CIS,Kazakhstan,200323,PHAETON KZ LLP,280-006,[브랜드 프로모션] CIS 마케팅 프로모션 홍보물 지원물품 운임 실비용(CIS100),Complete,,2518650,"2,518,650 ",,"2,518,650 ",,,,,,,,,,,,,,,,,,,,,,,,,,
2023-11-27,PROMAT-2023,Promotional Materials,Material Support,Promotional Materials,LATAM,Panama,200358,RP INTERNATIONAL GROUP INC,120-100,고객 인증패 제작 건 (LA 100),Complete,,127300,"127,300 ",,,,,"1,018,400 ",,,,,,,,,,,,,,,,,,,,,,,
2023-11-27,PROMAT-2023,Promotional Materials,Material Support,Promotional Materials,LATAM,Panama,203776,R24 AUTOMOTIVE,120-103,고객 인증패 제작 건 (LA 100),Complete,,127300,"127,300 ",,,,,"1,018,400 ",,,,,,,,,,,,,,,,,,,,,,,
2023-11-27,PROMAT-2023,Promotional Materials,Material Support,Promotional Materials,LATAM,Colombia,200443,UNIVERSAL DE REPUESTOS,130-090,고객 인증패 제작 건 (LA 100),Complete,,127300,"127,300 ",,,,,"1,018,400 ",,,,,,,,,,,,,,,,,,,,,,,
2023-11-27,PROMAT-2023,Promotional Materials,Material Support,Promotional Materials,LATAM,Chile,200460,MANNHEIM,139-101,고객 인증패 제작 건 (LA 100),Complete,,127300,"127,300 ",,,,,"1,018,400 ",,,,,,,,,,,,,,,,,,,,,,,
2023-11-27,PROMAT-2023,Promotional Materials,Material Support,Promotional Materials,LATAM,Nicaragua,200173,CASA CROSS,108-001,고객 인증패 제작 건 (LA 100),Complete,,127300,"127,300 ",,,,,"1,018,400 ",,,,,,,,,,,,,,,,,,,,,,,
2023-11-27,PROMAT-2023,Promotional Materials,Material Support,Promotional Materials,LATAM,Costa Rica,200324,IMPORTACIONES SOL DE KOBE S.A.,106-005,고객 인증패 제작 건 (LA 100),Complete,,127300,"127,300 ",,,,,"1,018,400 ",,,,,,,,,,,,,,,,,,,,,,,
2023-11-27,PROMAT-2023,Promotional Materials,Material Support,Promotional Materials,LATAM,Paraguay,200189,PLUSCAR S.A,140-300,고객 인증패 제작 건 (LA 100),Complete,,127300,"127,300 ",,,,,"1,018,400 ",,,,,,,,,,,,,,,,,,,,,,,
2023-11-27,PROMAT-2023,Promotional Materials,Material Support,Promotional Materials,LATAM,Paraguay,200187,AUTOMOVIL SUPPLY,140-005,고객 인증패 제작 건 (LA 100),Complete,,127300,"127,300 ",,,,,"1,018,400 ",,,,,,,,,,,,,,,,,,,,,,,
2023-12-04,TURBOO-2023,Turbo Boost Marketing Promotion,Promotion,Marketing Rewards,Middle East,Yemen,200544,AL-MOKBILY TRADING & INDUSTRY CO,640-002,터보부스터 마케팅 비용 AL-MOKBILY 지급 건 (ME100),Complete,,6078516,"6,078,516 ",,,,,,"6,078,516 ",,,,"140,000.00 ","155,476.70 ",111.05%,,,,,,,,,,,,,,,,
2023-12-04,TURBOO-2023,Turbo Boost Marketing Promotion,Promotion,Marketing Rewards,Middle East,United Arab Emirates : UAE,288140,MOTOR WORLD,690-016,터보부스터 마케팅 비용 MOTOR WORLD 지급 건 (ME100),Complete,,2514003,"2,514,003 ",,,,,,"2,514,003 ",,,,"75,000.00 ","96,455.14 ",128.61%,,,,,,,,,,,,,,,,
2023-12-04,TURBOO-2023,Turbo Boost Marketing Promotion,Promotion,Marketing Rewards,Middle East,Iraq,200287,MESK AL-BARARI,675-005,터보부스터 마케팅 비용 MESK 지급 건 (ME100),Complete,,7122183,"7,122,183 ",,,,,,"7,122,183 ",,,,"140,000.00 ","182,171.64 ",130.12%,,,,,,,,,,,,,,,,
2023-12-04,CMLATM-2022,Co-funded Marketing (LATAM),Local Marketing,Co-Marketing,LATAM,Ecuador,290020,AUTOFLEX,131-999,중남미 마케팅 프로모션 비용 지급 건 (LA 100),Complete,,6334855,"6,334,855 ",,,,,,"6,334,855 ",,,,,,,,,,,,,,,,,,,,,,
2023-12-14,TURBOO-2023,Turbo Boost Marketing Promotion,Promotion,Marketing Rewards,LATAM,Uruguay,200442,ACESUR SA,141-100,터보부스터 마케팅 비용 ACESUR 지급 건 (LA100),Complete,,909188,"909,188 ",,,,,,"909,188 ",,,,"30,000.00 ","17,265.00 ",57.55%,,,,,,,,,,,,,,,,
2023-12-14,TURBOO-2023,Turbo Boost Marketing Promotion,Promotion,Marketing Rewards,LATAM,Panama,203776,R24 AUTOMOTIVE,120-103,터보부스터 마케팅 비용 R24 지급 건 (LA100),Complete,,9253231,"9,253,231 ",,,,,,"9,253,231 ",,,,0.00 ,0.00 ,0.00%,,,,,,,,,,,,,,,,
2023-12-14,TURBOO-2023,Turbo Boost Marketing Promotion,Promotion,Marketing Rewards,LATAM,Chile,200460,MANNHEIM,139-101,터보부스터 마케팅 비용 MANNHEIM 지급 건 (LA100),Complete,,6361512,"6,361,512 ",,,,,,"6,361,512 ",,,,"200,000.00 ","169,186.00 ",84.59%,,,,,,,,,,,,,,,,
2023-12-14,CMMENA-2023,Co-funded Marketing (ME),Local Marketing,Co-Marketing,Middle East,United Arab Emirates : UAE,200453,NEW EAST GENERAL TRADING,672-001,통합 프로모션 마케팅 비용 지급 (NEWEAST)(ME100),Complete,,62533750,"62,533,750 ",,,,,,"62,533,750 ",,,,,,,,,,,,,,,,,,,,,,
2023-12-14,CMLATM-2023,Co-funded Marketing (LATAM),Local Marketing,Co-Marketing,LATAM,Panama,200358,RP INTERNATIONAL GROUP INC,120-100,마케팅 프로모션 비용 지급 (RP International)(LA100),Complete,,7346070,"7,346,070 ",,,,,,"7,346,070 ",,,,,,,,,,,,,,,,,,,,,,
2023-12-14,TURBOO-2023,Turbo Boost Marketing Promotion,Promotion,Marketing Rewards,LATAM,Nicaragua,200173,CASA CROSS,108-001,터보부스터 마케팅 프로모션 비용 지급 (CasaCross)(LA100,Complete,,2633000,"2,633,000 ",,,,,,"2,633,000 ",,,,"20,000.00 ","23,785.00 ",118.93%,,,,,,,,,,,,,,,,
2023-12-19,TURBOO-2023,Turbo Boost Marketing Promotion,Promotion,Marketing Rewards,LATAM,Costa Rica,200324,IMPORTACIONES SOL DE KOBE S.A.,106-005,터보부스터 마케팅 비용 Importaciones Sol de Kobe 지급 건 (LA100,Complete,,2389608,"2,389,608 ",,,,,,"2,389,608 ",,,,"50,000.00 ","25,380.00 ",50.76%,,,,,,,,,,,,,,,,
2023-12-19,TURBOO-2023,Turbo Boost Marketing Promotion,Promotion,Marketing Rewards,Middle East,Iraq,200424,"AL-FORCAN AUTO SPARE PARTS CO. ,",675-012,터보부스터 마케팅 비용 Al-Forcan 지급 건 (ME100),Complete,,9836977,"9,836,977 ",,,,,,"9,836,977 ",,,,"140,000.00 ","151,489.50 ",108.21%,,,,,,,,,,,,,,,,
2023-12-19,TURBOO-2023,Turbo Boost Marketing Promotion,Promotion,Marketing Rewards,Middle East,Libya,200462,AL BADEL ALJADEED COMPANY,602-009,터보부스터 마케팅 비용 Al Badeel 지급 건 (ME100),Complete,,7561096,"7,561,096 ",,,,,,"7,561,096 ",,,,"215,000.00 ","221,086.00 ",102.83%,,,,,,,,,,,,,,,,
2023-12-19,TURBOO-2023,Turbo Boost Marketing Promotion,Promotion,Marketing Rewards,LATAM,El Salvador,200169,SUPER REPUESTOS,104-100,터보부스터 마케팅 비용 Super Repuestos 지급 건 (LA100),Complete,,2436387,"2,436,387 ",,,,,,"2,436,387 ",,,,"100,000.00 ","96,582.00 ",96.58%,,,,,,,,,,,,,,,,
2023-12-21,TURBOO-2023,Turbo Boost Marketing Promotion,Promotion,Marketing Rewards,CIS,Kyrgyz Republic,200344,COMPLEX-AUTO,284-001,터보부스터 마케팅 비용 Complex-Auto 지급 건 (CIS100),Complete,,3858239,"3,858,239 ",,,,,,"3,858,239 ",,,,"300,000.00 ","403,110.00 ",134.37%,,,,,,,,,,,,,,,,
2023-12-22,TURBOO-2023,Turbo Boost Marketing Promotion,Promotion,Marketing Rewards,CIS,Kyrgyzstan,200380,ALLIANCE-MOTORS LLC,284-002,터보부스터 마케팅 비용 Alliance-Motor 지급 건 (CIS100),Complete,,1441507,"1,441,507 ",,,,,,"1,441,507 ",,,,"100,000.00 ","138,400.00 ",138.40%,,,,,,,,,,,,,,,,
2023-12-27,TURBOO-2023,Turbo Boost Marketing Promotion,Promotion,Marketing Rewards,LATAM,Peru,200193,REFAX PERU,145-006,터보부스터 마케팅 비용 Refax Peru 지급 건 (LA100),Complete,,4082339,"4,082,339 ",,,,,,"4,082,339 ",,,,"200,000.00 ","262,958.00 ",131.48%,,,,,,,,,,,,,,,,
2023-12-14,TURBOO-2023,Turbo Boost Marketing Promotion,Promotion,Marketing Rewards,Middle East,Oman,202000,Diamond Auto Spare Parts,663-002,터보부스터 마케팅 비용 지급: 지급액 없음. 실적 달성했으나 미지급,Complete,,0,0 ,,,,,,,,,,"140,000.00 ","143,746.21 ",102.68%,,,,,,,,,,,,,,,,
2023-12-14,TURBOO-2023,Turbo Boost Marketing Promotion,Promotion,Marketing Rewards,Middle East,Jordan,200510,GEORGE ABUZEID,654-003,터보부스터 마케팅 비용 지급: 지급액 없음. 실적 달성했으나 미지급,Complete,,0,0 ,,,,,,,,,,"75,000.00 ","74,876.85 ",99.84%,,,,,,,,,,,,,,,,
2023-12-14,TURBOO-2023,Turbo Boost Marketing Promotion,Promotion,Marketing Rewards,LATAM,Chile,200183,NORIEGA S.A.C.,139-022,터보부스터 마케팅 비용 지급: 지급액 없음. 실적 미달성,Complete,,0,0 ,,,,,,,,,,"100,000.00 ","94,728.00 ",94.73%,,,,,,,,,,,,,,,,
2023-12-14,TURBOO-2023,Turbo Boost Marketing Promotion,Promotion,Marketing Rewards,LATAM,Paraguay,200189,PLUSCAR S.A,140-300,터보부스터 마케팅 비용 지급: 지급액 없음. 실적 미달성,Complete,,0,0 ,,,,,,,,,,"150,000.00 ","115,301.00 ",76.87%,,,,,,,,,,,,,,,,
2023-12-14,TURBOO-2023,Turbo Boost Marketing Promotion,Promotion,Marketing Rewards,LATAM,Uruguay,200472,SELVIR IMPORTACIONES,141-010,터보부스터 마케팅 비용 지급: 지급액 없음. 실적 미달성,Complete,,0,0 ,,,,,,,,,,"30,000.00 ","1,009.00 ",3.36%,,,,,,,,,,,,,,,,
2023-12-14,TURBOO-2023,Turbo Boost Marketing Promotion,Promotion,Marketing Rewards,LATAM,Venezuela,287446,ROCA DE OCCIDENTE C.A,158-002,터보부스터 마케팅 비용 지급: 지급액 없음. 실적 미달성,Complete,,0,0 ,,,,,,,,,,"20,000.00 ",0.00 ,0.00%,,,,,,,,,,,,,,,,
2023-12-14,TURBOO-2023,Turbo Boost Marketing Promotion,Promotion,Marketing Rewards,LATAM,Bolivia,200404,INTERPARTS,138-001,터보부스터 마케팅 비용 지급: 지급액 없음. 실적 미달성,Complete,,0,0 ,,,,,,,,,,"20,000.00 ",0.00 ,0.00%,,,,,,,,,,,,,,,,
2023-12-14,TURBOO-2023,Turbo Boost Marketing Promotion,Promotion,Marketing Rewards,CIS,Armenia,200405,PIT STOP INTERNATIONAL LLC,273-001,터보부스터 마케팅 비용 지급: 지급액 없음. 실적 미달성,Complete,,0,0 ,,,,,,,,,,"150,000.00 ","81,918.00 ",54.61%,,,,,,,,,,,,,,,,
2023-12-14,TURBOO-2023,Turbo Boost Marketing Promotion,Promotion,Marketing Rewards,CIS,Azerbaijan,200308,SHARGMOTORS COMPANY,271-002,터보부스터 마케팅 비용 지급: 지급액 없음. 실적 미달성,Complete,,0,0 ,,,,,,,,,,"200,000.00 ","43,531.00 ",21.77%,,,,,,,,,,,,,,,,
2023-12-14,TURBOO-2023,Turbo Boost Marketing Promotion,Promotion,Marketing Rewards,CIS,Georgia,200342,TEGETA  RETAIL LLC,272-001,터보부스터 마케팅 비용 지급: 지급액 없음. 실적 미달성,Complete,,0,0 ,,,,,,,,,,"150,000.00 ","88,801.00 ",59.20%,,,,,,,,,,,,,,,,
2023-12-14,TURBOO-2023,Turbo Boost Marketing Promotion,Promotion,Marketing Rewards,CIS,Georgia,200447,AUTOBANI,272-002,터보부스터 마케팅 비용 지급: 지급액 없음. 실적 달성했으나 미지급,Complete,,0,0 ,,,,,,,,,,"75,000.00 ","75,468.84 ",100.63%,,,,,,,,,,,,,,,,
2023-12-14,TURBOO-2023,Turbo Boost Marketing Promotion,Promotion,Marketing Rewards,CIS,Turkmenistan,200507,ES “RAHAT YOL”,283-004,터보부스터 마케팅 비용 지급: 지급액 없음. 실적 미달성,Complete,,0,0 ,,,,,,,,,,"75,000.00 ","45,687.00 ",60.92%,,,,,,,,,,,,,,,,
2023-12-14,TURBOO-2023,Turbo Boost Marketing Promotion,Promotion,Marketing Rewards,CIS,Uzbekistan,287452,Avtoritet,281-006,터보부스터 마케팅 비용 지급: 지급액 없음. 실적 미달성,Complete,,0,0 ,,,,,,,,,,"150,000.00 ","97,308.00 ",64.87%,,,,,,,,,,,,,,,,
2023-12-29,TURBOO-2023,Turbo Boost Marketing Promotion,Promotion,Marketing Rewards,CIS,Uzbekistan,200219,Powertrain Parts,281-001,터보부스터 마케팅 비용 Jilson Commercial (Powertrain Parts),Complete,,3868200,"3,868,200 ",,,,,,"3,868,200 ",,,,"300,000.00 ","555,904.00 ",185.30%,,,,,,,,,,,,,,,,
2024-05-13,STSTAR-2024,SteerStar,Ambassador,Field Marketing,Asia & Pacific,Malaysia,200264,MARBORO AUTO PARTS (M) SDN. BHD.,560-284,말레이시아 Marboro 테크세미나 장소 및 연회비 (SEA 100),Complete,,2251454,"2,251,454 ",,,,,,"2,251,454 ",,,22 ,,,,,,,,,,,,,,,,,,,
2024-05-26,STSTAR-2024,SteerStar,Ambassador,Field Marketing,Asia & Pacific,Malaysia,200264,MARBORO AUTO PARTS (M) SDN. BHD.,560-284,말레이시아 Marboro 테크세미나 장소 추가 케이터링 (SEA 100),Complete,,197978,"197,978 ",,,,,,"197,978 ",,,,,,,,,,,,,,,,,,,,,,
2024-06-05,GOLDSA-2023,Gold S.Abs Sales Boost Promotion,Promotion,Promotional Materials,LATAM,Colombia,200443,UNIVERSAL DE REPUESTOS,130-090,S/Abs 프로모션 대상 전용 판촉물 지원,Complete,,390000,"390,000 ",,,,,,"390,000 ",,,,"200,000.00 ","59,900.00 ",29.95%,,,,,,,,,,,,,,,,
2024-06-05,GOLDSA-2023,Gold S.Abs Sales Boost Promotion,Promotion,Promotional Materials,LATAM,Panama,203776,R24 AUTOMOTIVE,120-103,S/Abs 프로모션 대상 전용 판촉물 지원,Complete,,390000,"390,000 ",,,,,,"390,000 ",,,,"50,000.00 ","292,869.00 ",585.74%,,,,,,,,,,,,,,,,
2024-06-05,GOLDSA-2023,Gold S.Abs Sales Boost Promotion,Promotion,Promotional Materials,LATAM,Guatemala,200399,J.A. VASQUEZ,101-010,S/Abs 프로모션 대상 전용 판촉물 지원,Complete,,390000,"390,000 ",,,,,,"390,000 ",,,,"50,000.00 ","60,954.00 ",121.91%,,,,,,,,,,,,,,,,
2024-06-10,STSTAR-2024,SteerStar,Ambassador,Field Marketing,CIS,Georgia,200342,TEGETA  RETAIL LLC,272-001,SteerStar 마케팅 활동비 정산 건 : Tegeta (CIS 100),Complete,,5467600,"5,467,600 ",,,,,,"5,467,600 ",,,24 ,,,,,,,,,,,,,,,,,,,
2024-06-21,STSTAR-2024,SteerStar,Ambassador,Field Marketing,CIS,Azerbaijan,200308,SHARGMOTORS COMPANY,271-002,SteerStar 마케팅 활동비 정산 건 : Shargmotors (CIS 100),Complete,,5535200,"5,535,200 ",,,,,,"5,535,200 ",,,,,,,,,,,,,,,,,,,,,,
2024-07-09,STSTAR-2024,SteerStar,Ambassador,Field Marketing,LATAM,Costa Rica,200324,IMPORTACIONES SOL DE KOBE S.A.,106-005,SteerStar 마케팅 활동비 정산 건 : Sol de Kobe (LA 100),Complete,,5517600,"5,517,600 ",,,,,,"5,517,600 ",,,80 ,,,,,,,,,,,,,,,,,,,
2024-07-23,STSTAR-2024,SteerStar,Ambassador,Field Marketing,Asia & Pacific,Thailand,200332,"AUTO BUSINESS CORPORATION CO., LTD.",530-001,SteerStar 마케팅 활동비 정산 건 : Auto Corp (ASIA 100),Complete,,5646648,"5,646,648 ",,,,,,"5,646,648 ",,,75 ,,,,,,,,,,,,,,,,,,,
2024-08-08,STSTAR-2024,SteerStar,Ambassador,Field Marketing,Middle East,Oman,202000,Diamond Auto Spare Parts,663-002,SteerStar 마케팅 활동비 정산 건 : Diamond Auto Spare Parts,Complete,,5505600,"5,505,600 ",,,,,,"5,505,600 ",,,100 ,,,,,,,,,,,,,,,,,,,
2024-08-08,STSTAR-2024,SteerStar,Ambassador,Field Marketing,Asia & Pacific,Philippines,200241,CHUAN LAM AUTO SUPPLY,510-003,SteerStar 마케팅 활동비 정산 건 : Chuan Lam (ASIA 100),Complete,,3182443,"3,182,443 ",,,,,,"3,182,443 ",,,,,,,,,,,,,,,,,,,,,,
2024-08-08,STSTAR-2024,SteerStar,Ambassador,Field Marketing,N.America,Canada,200767,Motorcade Industries Inc.,322-001,SteerStar 마케팅 활동비 정산 건 : 활동했으나 정산금액 없음,Complete,,0,0 ,,,,,,,,,10 ,,,,,,,,,,,,,,,,,,,
2024-09-02,CMMENA-2024,Co-funded Marketing (ME),Local Marketing,Sponsorship,Middle East,United Arab Emirates : UAE,200453,NEW EAST GENERAL TRADING,672-001,NEWEAST 통합프로모션 마케팅 비용 지급 건: Gala dinner Sponsorship (ME 100),Complete,,30776670,"30,776,670 ",,,,,,"30,776,670 ",,,,,,,,,,,,,,,,,,,,,,
2024-11-01,STSTAR-2024,SteerStar,Ambassador,Field Marketing,CIS,Kyrgyzstan,200380,ALLIANCE-MOTORS LLC,284-002,마케팅커뮤니케이션팀 (안양) - SteerStar 활동비 정산건 : Alliance Mot,Complete,,7769597,"7,769,597 ",,,,,,"7,769,597 ",,,62 ,,,,,,,,,,,,,,,,,,,
2024-11-14,STSTAR-2024,SteerStar,Ambassador,Field Marketing,Middle East,United Arab Emirates : UAE,200453,NEW EAST GENERAL TRADING,672-001,SteerStar 마케팅 활동비 정산 건 : Neweast (MENA 100),Complete,,9578703,"9,578,703 ",,,,,,"9,578,703 ",,,,,,,,,,,,,,,,,,,,,,
2024-11-18,STSTAR-2024,SteerStar,Ambassador,Field Marketing,Asia & Pacific,Vietnam,200464,NAM BAC AUTO SPARE? PART CORPORATION.,551-008,SteerStar 마케팅 활동비 정산 건 : Nam Bac (ASIA 100),Complete,,5611200,"5,611,200 ",,,,,,"5,611,200 ",,,98 ,,,,,,,,,,,,,,,,,,,
2024-11-20,72NDPR-2024,72nd Anniversary Marketing Promotion,Promotion,Marketing Rewards,LATAM,PERU,200193,REFAX PERU,145-006,[브랜드 프로모션] 72주년 마케팅 프로모션 인센티브 지급 건_PERU_Refax(LA 1,Complete,,10022400,"10,022,400 ",,,,,,"10,022,400 ",,,,"225,000.00 ","268,826.00 ",119.48%,,,,,,,,,,,,,,,,
2024-11-20,STSTAR-2024,SteerStar,Ambassador,Field Marketing,Middle East,Saudi Arabia,288283,SAMIR ODEH,661-007,SteerStar 마케팅 활동비 정산 건 : Samir Odeh (MENA 100),Complete,,8352000,"8,352,000 ",,,,,,"8,352,000 ",,,20 ,,,,,,,,,,,,,,,,,,,
2024-11-29,CMMENA-2024,Co-funded Marketing (ME),Local Marketing,Co-Marketing,Middle East,United Arab Emirates : UAE,200453,NEW EAST GENERAL TRADING,672-001,중동 NEWEAST 마케팅 협업 집행 건 (MENA 100),Complete,,93271936,"67,304,805 ",,,,,,"67,304,805 ",,"25,967,131 ",,,,,,,,"1,348 ",25.0,"17,502,681 ","10,308,478 ","10,800,637 ","40,015 ","50,048 ","1,484.00 ",2.0,,519.00 ,,47.0
2024-12-09,STSTAR-2024,SteerStar,Ambassador,Field Marketing,LATAM,Panama,203776,R24 AUTOMOTIVE,120-103,SteerStar 마케팅 활동비 정산 건 : R24 Automotive (LA 100),Complete,,8516400,"8,516,400 ",,,,,,"8,516,400 ",,,50 ,,,,,,,,,,,,,,,,,,,
2024-12-09,STSTAR-2024,SteerStar,Ambassador,Marketing Rewards,LATAM,Panama,203776,R24 AUTOMOTIVE,120-103,SteerStar 2024 Reward 정산 건 : R24 Automotive (LA 10,Complete,,4258200,"4,258,200 ",,,,,,,"4,258,200 ",,,,,,,,,,,,,,,,,,,,,
2024-12-09,STSTAR-2024,SteerStar,Ambassador,Marketing Rewards,Asia & Pacific,Vietnam,200464,NAM BAC AUTO SPARE? PART CORPORATION.,551-008,SteerStar 2024 Reward 정산 건 : Nam Bac (ASIA 100),Complete,,4258200,"4,258,200 ",,,,,,,"4,258,200 ",,,,,,,,,,,,,,,,,,,,,
2024-12-09,STSTAR-2024,SteerStar,Ambassador,Field Marketing,LATAM,Guatemala,200399,J.A. VASQUEZ,101-010,SteerStar 마케팅 활동비 정산 건 : Vasquez (LA 100),Complete,,5677600,"5,677,600 ",,,,,,"5,677,600 ",,,107 ,,,,,,,,,,,,,,,,,,,
2024-12-09,STSTAR-2024,SteerStar,Ambassador,Field Marketing,LATAM,Colombia,200443,UNIVERSAL DE REPUESTOS,130-090,SteerStar 마케팅 활동비 정산 건 : UDR (LA 100),Complete,,8516400,"8,516,400 ",,,,,,"8,516,400 ",,,300 ,,,,,,,,,,,,,,,,,,,
2024-12-09,STSTAR-2024,SteerStar,Ambassador,Marketing Rewards,LATAM,Colombia,200443,UNIVERSAL DE REPUESTOS,130-090,SteerStar 2024 Reward 정산 건 : UDR (LA 100),Complete,,7097000,"7,097,000 ",,,,,,,"7,097,000 ",,,,,,,,,,,,,,,,,,,,,
2024-12-11,72NDPR-2024,72nd Anniversary Marketing Promotion,Promotion,Marketing Rewards,LATAM,Guatemala,200399,J.A. VASQUEZ,101-010,[브랜드 프로모션] 72주년 마케팅 프로모션 인센티브 지급 건_Guatemala_J.A.V,Complete,,2785552,"2,785,552 ",,,,,,"2,785,552 ",,,,"40,000.00 ","60,954.00 ",152.39%,,,,,,,,,,,,,,,,
2024-12-11,STSTAR-2024,SteerStar,Ambassador,Marketing Rewards,LATAM,Guatemala,200399,J.A. VASQUEZ,101-010,SteerStar 2024 Reward 정산 건 : Vasquez (LA 100),Complete,,2856200,"2,856,200 ",,,,,,,"2,856,200 ",,,,,,,,,,,,,,,,,,,,,
2024-12-13,FREERE-2024,Free Replacement Event,Promotion,Operations,Asia & Pacific,Philippines,200241,CHUAN LAM AUTO SUPPLY,510-003,위너 배너제작용 보드구매 (SEA 100),Complete,,24000,"24,000 ",,,,"24,000 ",,,,,,,,,,,,,,,,,,,,,,,,
2024-12-13,FREERE-2024,Free Replacement Event,Promotion,Operations,Asia & Pacific,Philippines,200241,CHUAN LAM AUTO SUPPLY,510-003,이벤트 당첨자 및 SteerStar 위너 배너인쇄 (SEA 100),Complete,,65455,"65,455 ",,,,"65,455 ",,,,,,,,,,,,,,,,,,,,,,,,
2024-12-13,72NDPR-2024,72nd Anniversary Marketing Promotion,Promotion,Marketing Rewards,LATAM,Guatemala,200403,CLUTCHES DE GUATEMALA,101-011,[브랜드 프로모션] 72주년 마케팅 프로모션 인센티브 지급 건_GUATEMALA_CLUTC,Complete,,1595851,"1,595,851 ",,,,,,"1,595,851 ",,,,"30,000.00 ","34,838.00 ",116.13%,,,,,,,,,,,,,,,,
2024-12-17,72NDPR-2024,72nd Anniversary Marketing Promotion,Promotion,Marketing Rewards,LATAM,Nicaragua,200173,CASA CROSS,108-001,[브랜드 프로모션] 72주년 기념 마케팅 프로모션 진행 건_Nicaragua_Casa Cr,Complete,,1381106,"1,381,106 ",,,,,,"1,381,106 ",,,,"30,000.00 ","30,067.00 ",100.22%,,,,,,,,,,,,,,,,
2024-12-20,72NDPR-2024,72nd Anniversary Marketing Promotion,Promotion,Marketing Rewards,LATAM,Barbados,200601,MARK'S AUTO SPARE,809-008,[브랜드 프로모션] 72주년 기념 마케팅 프로모션 진행 건_Barbados_Mark's A,Complete,,4138662,"4,138,662 ",,,,,,"4,138,662 ",,,,"50,000.00 ","89,214.00 ",178.43%,,,,,,,,,,,,,,,,
2024-12-24,72NDPR-2024,72nd Anniversary Marketing Promotion,Promotion,Marketing Rewards,Asia & Pacific,Australia,200394,Bapcor Logistics Services Pty Ltd,540-003,[브랜드 프로모션] 72주년 기념 마케팅 프로모션 진행 건_Austraila_ROAD SA,Complete,,2103630,"2,103,630 ",,,,,,"2,103,630 ",,,,"72,000.00 ","72,573.90 ",100.80%,,,,,,,,,,,,,,,,
2024-12-30,STSTAR-2024,SteerStar,Ambassador,Marketing Rewards,Asia & Pacific,Philippines,200241,CHUAN LAM AUTO SUPPLY,510-003,SteerStar 2024 Reward 정산 건 : Chuan Lam (ASIA 100),Complete,,2948200,"2,948,200 ",,,,,,,"2,948,200 ",,117 ,,,,,,,,,,,,,,,,,,,
2024-12-30,FREERE-2024,Free Replacement Event,Promotion,Media & Creative,Asia & Pacific,Philippines,200241,CHUAN LAM AUTO SUPPLY,510-003,동남아시아 Free Replacement Brand Promotion 콘텐츠 제작 건,Complete,,6500000,0 ,"6,500,000 ",,,,,,,,,,,,,,,,,,,,,,,,,,,
2024-12-31,STSTAR-2024,SteerStar,Ambassador,Marketing Rewards,Middle East,Oman,202000,Diamond Auto Spare Parts,663-002,SteerStar 2024 Reward 정산 건 : Diamind Auto Spare Pa,Complete,,2940000,"2,940,000 ",,,,,,,"2,940,000 ",,,,,,,,,,,,,,,,,,,,,
2024-12-31,STSTAR-2024,SteerStar,Ambassador,Field Marketing,Middle East,Kuwait,288329,Auto1,664-001,SteerStar 마케팅 활동비 정산 건 : Auto1 (MENA 100),Complete,,5880000,"5,880,000 ",,,,,,"5,880,000 ",,,,,,,,,,,,,,,,,,,,,,
2024-12-31,FREERE-2024,Free Replacement Event,Promotion,Logistics,Asia & Pacific,Philippines,200241,CHUAN LAM AUTO SUPPLY,510-003,Free Replacement Event 운영비 지급 건 (ASIA 100),Complete,,4065785,"4,065,785 ",,"4,065,785 ",,,,,,,,,,,,,,,,,,,,,,,,,,
2025-01-14,FREERE-2024,Free Replacement Event,Promotion,Logistics,Asia & Pacific,Philippines,200241,CHUAN LAM AUTO SUPPLY,510-003,Free Replacement Event 운영비 지급 건 (ASIA 100),Complete,,201730,"201,730 ",,"201,730 ",,,,,,,,,,,,,,,,,,,,,,,,,,
2025-03-11,CMMENA-2025,Co-funded Marketing (ME),Local Marketing,Sponsorship,Middle East,Saudi Arabia,288457,NEW EAST,661-008,중동 NEWEAST 사우디 전시회 스폰서쉽 비용 지급 (MENA 100),Complete,,9674248,"9,674,248 ",,,,,,"9,674,248 ",,,,,,,,,,,,,,,,,,,,,,
2025-03-14,LORDTS-2025,Lordco Trade Show,Local Marketing,Promotional Materials,N.America,Canada,289029,Lordco Auto Parts,322-003,Lordco Trade Show 전시회 백월 제작 정산 건 (NA 100),Complete,,614000,"614,000 ",,,,,"614,000 ",,,,,,,,,,,,,,,,,,,,,,,
2025-03-17,LORDTS-2025,Lordco Trade Show,Local Marketing,Promotional Materials,N.America,Canada,289029,Lordco Auto Parts,322-003,Lordco Trade Show 전시회 X배너 제작 정산 건 (NA 100),Complete,,19000,"19,000 ",,,,,"19,000 ",,,,,,,,,,,,,,,,,,,,,,,
2025-04-02,LORDTS-2025,Lordco Trade Show,Local Marketing,Promotional Materials,N.America,Canada,289029,Lordco Auto Parts,322-003,Lordco Trade Show 전시회 테이블 커버 제작 정산 건 (NA 100),Complete,,330000,"330,000 ",,,,,"330,000 ",,,,,,,,,,,,,,,,,,,,,,,
2025-04-24,LORDTS-2025,Lordco Trade Show,Local Marketing,Promotional Materials,N.America,Canada,289029,Lordco Auto Parts,322-003,Lordco Trade Show 전시회 아트워크 비용 정산 건 (NA 100),Complete,,1500000,0 ,"1,500,000 ",,,,,,,,,,,,,,,,,,,,,,,,,,,
2025-06-02,PROMAT-2025,Promotional Materials,Material Support,Promotional Materials,Middle East,United Arab Emirates : UAE,288404,ENTREPOSTO COMERCIAL LDA,613-001,JAP International 오피스 현수막 아트워크 및 인쇄 비용 정산 건 (MENA,Complete,,630000,"630,000 ",,,,,"630,000 ",,,,,,,,,,,,,,,,,,,,,,,
2025-06-10,STSTAR-2025,SteerStar,Ambassador,Field Marketing,Asia & Pacific,Vietnam,200371,MAST MOTORING AUTOPARTS SOLUTIONS AND,551-006,SteerStar 마케팅 활동비 정산 건 : MAST (ASIA 100)(1차 정산),Complete,,4344403,"4,344,403 ",,,,,,"4,344,403 ",,,60 ,,,,,,,,,,464 ,,,6 ,,,,,,
2025-10-22,TECHSM-2025,Tech Seminar,Local Marketing,Operations,CIS,Georgia,200342,TEGETA  RETAIL LLC,272-001,그루지아 출장 현장 이벤트 경품 구매 (CIS 100),Complete,,1163956,"1,163,956 ",,,,"1,163,956 ",,,,,,,,,,,,,,,,,,,,,,,,
2025-10-22,TECHSM-2025,Tech Seminar,Local Marketing,Operations,CIS,Georgia,200342,TEGETA  RETAIL LLC,272-001,그루지아 출장 현장 이벤트 배너 제작 (CIS 100),Complete,,437374,"437,374 ",,,,"437,374 ",,,,,,,,,,,,,,,,,,,,,,,,
2025-11-11,PROMAT-2025,Promotional Materials,Material Support,Promotional Materials,Middle East,United Arab Emirates : UAE,200453,NEW EAST GENERAL TRADING,672-001,고객사 VIP 및 경조사 축하용 거북선 장식품 판촉물 구매 건 (MENA 100),Complete,,538182,"538,182 ",,,,,"1,076,364 ",,,,,,,,,,,,,,,,,,,,,,,
2025-11-11,PROMAT-2025,Promotional Materials,Material Support,Promotional Materials,Middle East,South Africa,290057,ZENTER PARTS,646-003,고객사 VIP 및 경조사 축하용 거북선 장식품 판촉물 구매 건 (MENA 100),Complete,,538182,"538,182 ",,,,,"1,076,364 ",,,,,,,,,,,,,,,,,,,,,,,
2025-12-02,STSTAR-2025,SteerStar,Ambassador,Field Marketing,Africa,Mazambique,288404,ENTREPOSTO COMERCIAL LDA,613-001,SteerStar 활동비 정산건 : ENTREPOSTO 1차 (MENA 100),Complete,,5548556,"5,548,556 ",,,,,,"5,548,556 ",,,,,,,,,,,,,,,,,,,,,,
2025-12-08,STSTAR-2025,SteerStar,Ambassador,Field Marketing,N.America,United States,287557,APW,320-008,"SteerStar 활동비 정산건 : CTR America_APW, Motorcade (NA",Complete,,16929150,"16,929,150 ",,,,,,"16,929,150 ",,,100 ,,,,,,,,,,,,,,,,,,,
2025-12-10,STSTAR-2025,SteerStar,Ambassador,Field Marketing,Asia & Pacific,Thailand,288352,GP Mobility Public Company Limited,530-000,SteerStar 활동비 정산건 : GP MOBILITY (Asia 100),Complete,,10292800,"10,292,800 ",,,,,,"10,292,800 ",,,,,,,,,,,,,,,,,,,,,,
2025-12-12,STSTAR-2025,SteerStar,Ambassador,Field Marketing,Asia & Pacific,Vietnam,200371,MAST MOTORING AUTOPARTS SOLUTIONS AND,551-006,SteerStar 활동비 정산건 : MAST 2차 (ASIA 100),Complete,,5588509,"5,588,509 ",,,,,,"5,588,509 ",,,6 ,,,,,,,,,,,,,,,,,,,
2025-12-16,STSTAR-2025,SteerStar,Ambassador,Field Marketing,Middle East,Oman,202000,Diamond Auto Spare Parts,663-002,SteerStar 활동비 정산건 : Diamond (MENA 100),Complete,,10318700,"10,318,700 ",,,,,,"10,318,700 ",,,,,,,,,,,,,,,,,,,,,,
2025-12-18,STSTAR-2025,SteerStar,Ambassador,Field Marketing,Africa,Mazambique,288404,ENTREPOSTO COMERCIAL LDA,613-001,SteerStar 활동비 정산건 : ENTREPOSTO 2차 (MENA 100),Complete,,4765764,"4,765,764 ",,,,,,"4,765,764 ",,,30 ,,,,,,,,,"1,153,572 ","441,058 ",,,"19,860 ",,,,,,
2025-12-23,CMMENA-2025,Co-funded Marketing (ME),Local Marketing,Co-Marketing,Middle East,United Arab Emirates : UAE,200453,NEW EAST GENERAL TRADING,672-001,중동 NEWEAST 마케팅 협업 집행 건 (MENA 100),Complete,,55310860,"55,310,860 ",,,,,,"55,310,860 ",,,,,,,,,,,,,,,,,,,,,,
2025-12-26,STSTAR-2025,SteerStar,Ambassador,Field Marketing,LATAM,Guatemala,200403,CLUTCHES DE GUATEMALA,101-011,SteerStar 활동비 정산건 : CLUTCHES DE GUATEMALA (LATAM 1,Complete,,10224200,"10,224,200 ",,,,,,"10,224,200 ",,,"1,300 ",,,,,,,,,"1,800,000 ","1,010,400 ",,"30,000 ",,,,,,,
2025-12-30,STSTAR-2025,SteerStar,Ambassador,Field Marketing,Europe,Greece,288317,LIAKOPOULOS COMMERCIAL & INDUSTRIAL SA,250-006,SteerStar 활동비 정산건 : LIAKOPOULOS (EU 100),Complete,,8653558,"8,653,558 ",,,,,,"8,653,558 ",,,,,,,,,,,,,,,,,,,,,,
2025-12-30,STSTAR-2025,SteerStar,Ambassador,Field Marketing,Europe,Moldova,200467,GBS S.R.L.,381-004,SteerStar 활동비 정산건 : GBS SRL (EU 100),Complete,,10037300,"10,037,300 ",,,,,,"10,037,300 ",,,,,,,,,,,,,,,,,,,,,,
2025-12-30,STSTAR-2025,SteerStar,Ambassador,Field Marketing,CIS,Kazakhstan,287553,AUTOTRADE KZ,280-009,SteerStar 활동비 정산건 : Autotrade (CIS 100),Complete,,10037300,"10,037,300 ",,,,,,"10,037,300 ",,,22 ,,,,,,,,,,,,,,,,,,,
2025-12-30,STSTAR-2025,SteerStar,Ambassador,Field Marketing,CIS,Armenia,289070,DRIVE MOTORS LLC,273-002,SteerStar 활동비 정산건 : Drive Motors (CIS 100),Complete,,10037300,"10,037,300 ",,,,,,"10,037,300 ",,,31 ,,,,,,,,,,,,,,,,,,,
2025-12-31,FREERE-2024,Free Replacement Event,Promotion,Logistics,Asia & Pacific,Philippines,200241,CHUAN LAM AUTO SUPPLY,510-003,Free replacement event 운영을 위한 상품 배송비 (ASIA 100),Complete,,299162,"299,162 ",,"299,162 ",,,,,,,,,,,,,,,,,,,,,,,,,,
2025-06-06,CMLATM-2025,Co-funded Marketing (LATAM),Local Marketing,Co-Marketing,LATAM,Colombia,200443,UNIVERSAL DE REPUESTOS,130-090,세일즈랩 운영 계약,Complete,,21317460,"21,317,460 ",,,,,,"21,317,460 ",,,,,,,,,,,,,,,,,,,,,,
2025-06-06,CMLATM-2025,Co-funded Marketing (LATAM),Local Marketing,Co-Marketing,LATAM,Panama,200358,RP INTERNATIONAL GROUP INC,120-100,세일즈랩 운영 계약,Complete,,7733195,"7,733,195 ",,,,,,"7,733,195 ",,,,,,,,,,,,,,,,,,,,,,
2024-12-30,72NDPR-2024,72nd Anniversary Marketing Promotion,Promotion,Marketing Rewards,Asia & Pacific,Vietnam,200371,MAST MOTORING AUTOPARTS SOLUTIONS AND,551-006,[브랜드 프로모션] 72주년 기념 마케팅 프로모션 진행 건_Mast,Complete,,10267600,"10,267,600 ",,,,,,"10,267,600 ",,,,"696,871.74 ","711,084.00 ",102.04%,,,,,,,,,,,,,,,,
2024-12-30,72NDPR-2024,72nd Anniversary Marketing Promotion,Promotion,Marketing Rewards,Asia & Pacific,Vietnam,200393,THANH CONG SERVICE & MACHINERY,551-017,[브랜드 프로모션] 72주년 기념 마케팅 프로모션 진행 건_Thanh cong,Complete,,2933600,"2,933,600 ",,,,,,"2,933,600 ",,,,"285,027.36 ","343,518.00 ",120.52%,,,,,,,,,,,,,,,,
2024-12-30,72NDPR-2024,72nd Anniversary Marketing Promotion,Promotion,Marketing Rewards,Asia & Pacific,Cambodia,287550,ENG VY AUTO PARTS,553-006,[브랜드 프로모션] 72주년 기념 마케팅 프로모션 진행 건_Eng Vy Auto,Complete,,5867200,"5,867,200 ",,,,,,"5,867,200 ",,,,0.00 ,"36,712.00 ",100.00%,,,,,,,,,,,,,,,,
2024-12-30,72NDPR-2024,72nd Anniversary Marketing Promotion,Promotion,Marketing Rewards,Asia & Pacific,Indonesia,200335,ZENTRALINK OTOPARTS,520-104,[브랜드 프로모션] 72주년 기념 마케팅 프로모션 진행 건_Zentralink,Complete,,10267600,"10,267,600 ",,,,,,"10,267,600 ",,,,"50,221.56 ","74,022.00 ",147.39%,,,,,,,,,,,,,,,,
2024-12-30,72NDPR-2024,72nd Anniversary Marketing Promotion,Promotion,Marketing Rewards,Asia & Pacific,Malaysia,200264,MARBORO AUTO PARTS (M) SDN. BHD.,560-284,[브랜드 프로모션] 72주년 기념 마케팅 프로모션 진행 건_Marboro,Complete,,5867200,"5,867,200 ",,,,,,"5,867,200 ",,,,"198,609.66 ","111,454.00 ",56.12%,,,,,,,,,,,,,,,,
2024-12-30,72NDPR-2024,72nd Anniversary Marketing Promotion,Promotion,Marketing Rewards,Asia & Pacific,Malaysia,288442,SOMMET AUTO PARTS SDN BHD,560-137,[브랜드 프로모션] 72주년 기념 마케팅 프로모션 진행 건_Sommet,Complete,,1466800,"1,466,800 ",,,,,,"1,466,800 ",,,,"72,000.00 ","75,380.00 ",104.69%,,,,,,,,,,,,,,,,
2024-12-30,72NDPR-2024,72nd Anniversary Marketing Promotion,Promotion,Marketing Rewards,Asia & Pacific,Malaysia,200329,HIGHLIGHT,560-277,[브랜드 프로모션] 72주년 기념 마케팅 프로모션 진행 건_Highlight,Complete,,2933600,"2,933,600 ",,,,,,"2,933,600 ",,,,"52,663.44 ","61,453.00 ",116.69%,,,,,,,,,,,,,,,,
2024-12-30,72NDPR-2024,72nd Anniversary Marketing Promotion,Promotion,Marketing Rewards,Asia & Pacific,Myanmar,200253,RED STAR TRADING CO. LTD.,554-003,[브랜드 프로모션] 72주년 기념 마케팅 프로모션 진행 건_Red star,Complete,,10267600,"10,267,600 ",,,,,,"10,267,600 ",,,,"353,675.88 ","431,838.00 ",122.10%,,,,,,,,,,,,,,,,
2024-12-30,72NDPR-2024,72nd Anniversary Marketing Promotion,Promotion,Marketing Rewards,Asia & Pacific,Myanmar,288430,"Pan Theingi Trading Co., Ltd.",554-008,[브랜드 프로모션] 72주년 기념 마케팅 프로모션 진행 건_PTG,Complete,,1466800,"1,466,800 ",,,,,,"1,466,800 ",,,,"72,000.00 ","322,530.00 ",447.96%,,,,,,,,,,,,,,,,
2024-12-30,72NDPR-2024,72nd Anniversary Marketing Promotion,Promotion,Marketing Rewards,Asia & Pacific,Myanmar,288378,Yarzar Tun Lin Trading Company Limited,554-007,[브랜드 프로모션] 72주년 기념 마케팅 프로모션 진행 건_Yarzar Tun Lin,Complete,,1466800,"1,466,800 ",,,,,,"1,466,800 ",,,,"72,000.00 ","193,250.00 ",268.40%,,,,,,,,,,,,,,,,
2024-12-30,72NDPR-2024,72nd Anniversary Marketing Promotion,Promotion,Marketing Rewards,Asia & Pacific,Philippines,200241,CHUAN LAM AUTO SUPPLY,510-003,[브랜드 프로모션] 72주년 기념 마케팅 프로모션 진행 건_Chuan Lam,Complete,,5867200,"5,867,200 ",,,,,,"5,867,200 ",,,,"818,241.84 ","418,969.00 ",51.20%,,,,,,,,,,,,,,,,
2024-12-30,72NDPR-2024,72nd Anniversary Marketing Promotion,Promotion,Marketing Rewards,Asia & Pacific,Philippines,200242,"YOUNG AUTO SUPPLY CO., INC.",510-011,[브랜드 프로모션] 72주년 기념 마케팅 프로모션 진행 건_Young Auto Supply,Complete,,2933600,"2,933,600 ",,,,,,"2,933,600 ",,,,"149,631.84 ","152,115.00 ",101.66%,,,,,,,,,,,,,,,,
2024-12-30,72NDPR-2024,72nd Anniversary Marketing Promotion,Promotion,Marketing Rewards,Asia & Pacific,Singapore,203984,JAMEX( SINGAPORE) PTE LTD,561-007,[브랜드 프로모션] 72주년 기념 마케팅 프로모션 진행 건_Jamex,Complete,,5867200,"5,867,200 ",,,,,,"5,867,200 ",,,,"123,175.86 ","97,028.00 ",78.77%,,,,,,,,,,,,,,,,
2024-12-30,72NDPR-2024,72nd Anniversary Marketing Promotion,Promotion,Marketing Rewards,Asia & Pacific,Singapore,201110,NUK AUTO PARTS PTE LTD,561-115,[브랜드 프로모션] 72주년 기념 마케팅 프로모션 진행 건_Nuk,Complete,,2933600,"2,933,600 ",,,,,,"2,933,600 ",,,,"18,111.18 ","72,252.00 ",398.94%,,,,,,,,,,,,,,,,
2024-12-30,72NDPR-2024,72nd Anniversary Marketing Promotion,Promotion,Marketing Rewards,Asia & Pacific,Thailand,288352,GP Mobility Public Company Limited,530-000,[브랜드 프로모션] 72주년 기념 마케팅 프로모션 진행 건_GP,Complete,,10267600,"10,267,600 ",,,,,,"10,267,600 ",,,,"32,086.44 ","113,106.00 ",352.50%,,,,,,,,,,,,,,,,
2024-11-11,72NDPR-2024,72nd Anniversary Marketing Promotion,Promotion,Marketing Rewards,Europe,Poland,200209,INTER-TEAM SP. Z O.O.,230-003,[브랜드 프로모션] 72주년 마케팅 프로모션 인센티브 지급 건_Inter-Team,Complete,,11126338,"11,126,338 ",,,,,,"11,126,338 ",,,,"72,000.00 ","104,134.50 ",144.63%,,,,,,,,,,,,,,,,
2024-11-11,72NDPR-2024,72nd Anniversary Marketing Promotion,Promotion,Marketing Rewards,Europe,Moldova,200467,GBS S.R.L.,381-004,[브랜드 프로모션] 72주년 마케팅 프로모션 인센티브 지급 건_GBS,Complete,,16529016,"16,529,016 ",,,,,,"16,529,016 ",,,,"36,000.00 ","154,699.67 ",429.72%,,,,,,,,,,,,,,,,
2024-11-11,72NDPR-2024,72nd Anniversary Marketing Promotion,Promotion,Marketing Rewards,Europe,Finland,200205,KOIVUNEN OY,213-006,[브랜드 프로모션] 72주년 마케팅 프로모션 인센티브 지급 건_Koivunen,Complete,,7756077,"7,756,077 ",,,,,,"7,756,077 ",,,,"36,000.00 ","72,591.29 ",201.64%,,,,,,,,,,,,,,,,
2024-11-11,72NDPR-2024,72nd Anniversary Marketing Promotion,Promotion,Marketing Rewards,Europe,Bulgaria,200630,Elit Car LTD,380-015,[브랜드 프로모션] 72주년 마케팅 프로모션 인센티브 지급 건_Elit Car,Complete,,2494487,"2,494,487 ",,,,,,"2,494,487 ",,,,"36,000.00 ","46,693.21 ",129.70%,,,,,,,,,,,,,,,,
2024-11-11,72NDPR-2024,72nd Anniversary Marketing Promotion,Promotion,Marketing Rewards,Europe,Poland,200207,SAGA AUTO SP. Z O.O.,230-007,[브랜드 프로모션] 72주년 마케팅 프로모션 인센티브 지급 건_Saga Auto,Complete,,7799293,"7,799,293 ",,,,,,"7,799,293 ",,,,"36,000.00 ","72,995.76 ",202.77%,,,,,,,,,,,,,,,,
2024-11-11,72NDPR-2024,72nd Anniversary Marketing Promotion,Promotion,Marketing Rewards,Europe,Moldova,200369,NIPON AUTO S.R.L.,381-003,[브랜드 프로모션] 72주년 마케팅 프로모션 인센티브 지급 건_Nipon Auto,Complete,,2456834,"2,456,834 ",,,,,,"2,456,834 ",,,,"36,000.00 ","45,988.39 ",127.75%,,,,,,,,,,,,,,,,
2024-11-11,72NDPR-2024,72nd Anniversary Marketing Promotion,Promotion,Marketing Rewards,Europe,Republic of Turkiye,200283,Başbuğ Oto Yedek Parça San.,668-004,[브랜드 프로모션] 72주년 마케팅 프로모션 인센티브 지급 건_Basbug,Complete,,10666918,"10,666,918 ",,,,,,"10,666,918 ",,,,"36,000.00 ","99,834.66 ",277.32%,,,,,,,,,,,,,,,,
2024-11-11,72NDPR-2024,72nd Anniversary Marketing Promotion,Promotion,Marketing Rewards,Europe,Greece,288317,LIAKOPOULOS COMMERCIAL & INDUSTRIAL SA,250-006,[브랜드 프로모션] 72주년 마케팅 프로모션 인센티브 지급 건_Liakopoulos,Complete,,7897138,"7,897,138 ",,,,,,"7,897,138 ",,,,"36,000.00 ","73,911.52 ",205.31%,,,,,,,,,,,,,,,,
2024-11-11,72NDPR-2024,72nd Anniversary Marketing Promotion,Promotion,Marketing Rewards,Europe,Romania,288215,UNIQUE DISTRIBUTION S.R.L.,295-003,[브랜드 프로모션] 72주년 마케팅 프로모션 인센티브 지급 건_Unique Distribution,Complete,,8340079,"8,340,079 ",,,,,,"8,340,079 ",,,,"36,000.00 ","78,057.13 ",216.83%,,,,,,,,,,,,,,,,
2026-01-13,INTRIP-2026,Incentive Trip,Local Marketing,Promotional Materials,CIS,Kazakhstan,200323,PHAETON KZ LLP,280-006,Phaeton 초청 행사 현수막 제작 비용 (CIS 300),Complete,,13000,0 ,"13,000 ",,,,,,,,,,,,,,,,,,,,,,,,,,,
2026-01-14,INTRIP-2026,Incentive Trip,Local Marketing,Promotional Materials,CIS,Kazakhstan,200323,PHAETON KZ LLP,280-006,Phaeton 초청 행사 핫팩 구매 비용 (CIS 300),Complete,,35000,"35,000 ",,"35,000 ",,,,,,,8 ,,,,,,,,,,,,,,,,,,,
2026-01-09,PROMAT-2026,Promotional Materials,Material Support,Promotional Materials,LATAM,Mexico,289404,REFATRIX,100-017,홍보활동 지원,Complete,,4836312,"4,836,312 ",,,,,"4,836,312 ",,,,,,,,,,,,,,,,,,,,,,,
2026-01-16,PROMAT-2026,Promotional Materials,Material Support,Promotional Materials,Middle East,United Arab Emirates : UAE,288140,MOTOR WORLD,690-016,홍보활동 지원,Complete,,1622100,"1,622,100 ",,,,,"1,622,100 ",,,,,,,,,,,,,,,,,,,,,,,
2026-02-06,PROMAT-2026,Promotional Materials,Material Support,Promotional Materials,CIS,Kazakhstan,200323,PHAETON KZ LLP,280-006,홍보활동 지원,Complete,,102600,"102,600 ",,,,,"102,600 ",,,,,,,,,,,,,,,,,,,,,,,
2026-03-20,PROMAT-2026,Promotional Materials,Material Support,Promotional Materials,Middle East,United Arab Emirates : UAE,200284,DYNATRADE,672-079,고객사 offline T/S 홍보물 지원 (4/24 예정),Complete,,4648000,"4,648,000 ",,,,,"4,648,000 ",,,,,,,,,,,,,,,,,,,,,,,
2025-03-14,LORDTS-2025,Lordco Trade Show,Local Marketing,Owned Media,N.America,Canada,289029,Lordco Auto Parts,322-003,Digital 활동,Complete,,1405275,0 ,,,,,,,,"1,405,275 ",,,,,,,,,4.0,"843,014 ","385,976 ","28,563 ","52,484 ",269 ,"1,666.97 ",49.2,0.02%,"5,224.07 ",26.78,
2024-11-13,FREERE-2024,Free Replacement Event,Promotion,Owned Media,Asia & Pacific,Philippines,200241,CHUAN LAM AUTO SUPPLY,510-003,Digital 활동,Complete,,3000000,0 ,,,,,,,,"3,000,000 ",,,,,,,,,4.0,"2,872,250 ","1,012,890 ","2,882,891 ","47,358 ","12,524 ","1,044.48 ",1.04,0.42%,239.54 ,63.35,
2019-04-29,PROMAT-2019,Promotional Materials,Material Support,Promotional Materials,Domestic,Korea,110047,KRC CORPORATION,T00013,바이어 인증패 제작,Complete,,120000,"120,000 ",,,,,"120,000 ",,,,,,,,,,,,,,,,,,,,,,,
2019-09-02,PROMAT-2019,Promotional Materials,Material Support,Promotional Materials,LATAM,Panama,200358,RP INTERNATIONAL GROUP INC,120-100,남미 바이어 관계증진을 위한 인증패 제작,Complete,,128800,"128,800 ",,,,,"128,800 ",,,,,,,,,,,,,,,,,,,,,,,
2019-09-02,PROMAT-2019,Promotional Materials,Material Support,Promotional Materials,LATAM,Colombia,200443,UNIVERSAL DE REPUESTOS,130-090,남미 바이어 관계증진을 위한 인증패 제작,Complete,,128800,"128,800 ",,,,,"128,800 ",,,,,,,,,,,,,,,,,,,,,,,
2019-09-02,PROMAT-2019,Promotional Materials,Material Support,Promotional Materials,LATAM,Chile,200460,MANNHEIM,139-101,남미 바이어 관계증진을 위한 인증패 제작,Complete,,128800,"128,800 ",,,,,"128,800 ",,,,,,,,,,,,,,,,,,,,,,,
2019-09-30,CMLATM-2019,Co-funded Marketing (LATAM),Local Marketing,Co-Marketing,LATAM,Chile,200460,MANNHEIM,139-101,칠레 CAREP / Mannheim 광고 제작 건,Complete,,1200000,0 ,"1,200,000 ",,,,,,,,,,,,,,,,,,,,,,,,,,,
2019-10-22,CMCISS-2019,Co-funded Marketing (CIS),Local Marketing,Co-Marketing,CIS,Georgia,200447,AUTOBANI,272-002,2019년 GEORGIA 로컬전시회 참가 비용 결제,Complete,,1310510,"1,310,510 ",,,,,,"1,310,510 ",,,,,,,,,,,,,,,,,,,,,,
2019-11-06,PROMAT-2019,Promotional Materials,Material Support,Promotional Materials,Asia & Pacific,Thailand,200332,"AUTO BUSINESS CORPORATION CO., LTD.",530-001,태국 Autocorp 홍보물 제작비용 지급 건,Complete,,6781968,"6,781,968 ",,,,"6,781,968 ",,,,,,,,,,,,,,,,,,,,,,,,
2019-12-26,PROMAT-2019,Promotional Materials,Material Support,Promotional Materials,Asia & Pacific,Thailand,200332,"AUTO BUSINESS CORPORATION CO., LTD.",530-001,태국 시장용 포스터 제작 비용 지급 건,Complete,,1000000,"1,000,000 ",,,,,"1,000,000 ",,,,,,,,,,,,,,,,,,,,,,,
2019-12-26,PROMAT-2019,Promotional Materials,Material Support,Promotional Materials,Asia & Pacific,Thailand,200332,"AUTO BUSINESS CORPORATION CO., LTD.",530-001,태국 시장용 제품 브로셔 제작 비용 지급 건,Complete,,3500000,"3,500,000 ",,,,,"3,500,000 ",,,,,,,,,,,,,,,,,,,,,,,
2020-09-16,PROMAT-2020,Promotional Materials,Material Support,Promotional Materials,LATAM,Panama,200714,NYH Group,120-102,SA_중남미 바이어 인증패 제작 건,Complete,,128800,"128,800 ",,,,,"128,800 ",,,,,,,,,,,,,,,,,,,,,,,
2020-10-19,PROMAT-2020,Promotional Materials,Material Support,Promotional Materials,Asia & Pacific,Thailand,200691,CHIN SENG HUAT,530-002,SEA_태국 CSH 홍보물 지원 건 (폴로 티),Complete,,2380000,"2,380,000 ",,,,,"2,380,000 ",,,,,,,,,,,,,,,,,,,,,,,
2026-03-20,PROMAT-2026,Promotional Materials,Material Support,Promotional Materials,LATAM,Costa Rica,200324,IMPORTACIONES SOL DE KOBE S.A.,106-005,판촉물 지원,Complete,,1216492,"1,216,492 ",,,,,"1,216,492 ",,,,,,,,,,,,,,,,,,,,,,,
2026-03-20,PROMAT-2026,Promotional Materials,Material Support,Promotional Materials,LATAM,Brazil,280921,"Malb Parts Importacao, Exportacao e",136-002,판촉물 지원,Complete,,6431347,"6,431,347 ",,,,,"6,431,347 ",,,,,,,,,,,,,,,,,,,,,,,
2026-03-06,CHOICE-2026,Choice Kit Promotion,Promotion,Promotional Materials,LATAM,Mexico,289404,REFATRIX,100-017,REFATRIX 프로모션 경품 (LA100),Ongoing,,952000,"952,000 ",,,,,"952,000 ",,,,,,,,,,,,,,,,,,,,,,,
2025-12-31,STSTAR-2025,SteerStar,Ambassador,Marketing Rewards,Europe,Greece,288317,LIAKOPOULOS COMMERCIAL & INDUSTRIAL SA,250-006,SteerStar 활동비 잔금 정산건 : LIAKOPOULOS (EU 100),Complete,,1443670,"1,443,670 ",,,,,,"1,443,670 ",,,,,,,,,,,,,,,,,,,,,,
2026-03-20,CHOICE-2026,Choice Kit Promotion,Promotion,Promotional Materials,LATAM,Mexico,289404,REFATRIX,100-017,REFATRIX 프로모션 경품 (LA100),Ongoing,,833000,"833,000 ",,,,,"833,000 ",,,,,,,,,,,,,,,,,,,,,,,
2026-03-24,CHOICE-2026,Choice Kit Promotion,Promotion,Promotional Materials,LATAM,Mexico,289404,REFATRIX,100-017,REFATRIX 프로모션 경품 (LA100),Ongoing,,595000,"595,000 ",,,,,"595,000 ",,,,,,,,,,,,,,,,,,,,,,,
2026-03-30,PROMAT-2026,Promotional Materials,Material Support,Promotional Materials,Domestic,Korea,114621,세종파츠플러스 유한회사,C00008,판촉물 지원,Complete,,3437020,"3,437,020 ",,,,,"3,437,020 ",,,,,,,,,,,,,,,,,,,,,,,
2026-03-31,PROMAT-2026,Promotional Materials,Material Support,Promotional Materials,CIS,Kazakhstan,287553,AUTOTRADE KZ,280-009,판촉물 지원,Complete,,1358534,"1,358,534 ",,,,,"1,358,534 ",,,,,,,,,,,,,,,,,,,,,,,
2026-04-21,PROMAT-2026,Promotional Materials,Material Support,Promotional Materials,LATAM,Mexico,289404,REFATRIX,100-017,판촉물 지원,Complete,,734700,"734,700 ",,,,,"734,700 ",,,,,,,,,,,,,,,,,,,,,,,
2026-04-23,PROMAT-2026,Promotional Materials,Material Support,Promotional Materials,Asia & Pacific,Australia,288503,Kailos International Pty Ltd,540-005,판촉물 지원,Complete,,37920,"37,920 ",,,,,"37,920 ",,,,,,,,,,,,,,,,,,,,,,,
